video_id,label,gender,dataset
0,1,f,train
1,1,f,test
2,1,m,train
3,1,m,train
4,1,f,train
5,1,m,train
6,1,f,train
7,1,f,train
8,1,f,train
9,1,f,train
10,1,f,train
11,1,f,val
12,1,f,train
13,1,f,train
14,1,f,train
15,1,f,train
16,1,f,val
17,1,f,test
18,1,f,train
19,1,m,train
20,1,f,train
21,1,f,train
22,1,f,train
23,1,f,train
24,1,m,test
25,1,f,test
26,1,f,test
27,1,f,train
28,1,f,train
29,1,m,val
30,1,f,train
31,1,m,train
32,1,f,train
33,1,m,test
34,1,f,train
35,1,f,test
36,1,m,train
37,1,f,train
38,1,m,train
39,1,f,train
40,1,f,train
41,1,f,train
42,1,f,test
43,1,f,train
44,1,f,test
45,1,m,train
46,1,m,train
47,1,m,test
48,1,f,train
49,1,f,train
50,1,f,train
51,1,m,train
52,1,f,train
53,1,m,test
54,1,m,train
55,1,m,train
56,1,m,train
57,1,m,test
58,1,f,train
59,1,f,test
60,1,f,train
61,1,f,train
62,1,f,val
63,1,m,val
64,1,m,train
65,1,f,train
66,1,f,train
67,1,f,train
68,1,f,val
69,1,f,val
70,1,m,train
71,1,f,val
72,1,f,test
73,1,m,test
74,1,m,train
75,1,m,train
76,1,f,train
77,1,f,val
78,1,m,train
79,1,m,train
80,1,f,test
81,1,f,test
82,1,f,train
83,1,m,train
84,1,f,train
85,1,f,train
86,1,f,test
87,1,m,train
88,1,m,train
89,1,f,train
90,1,f,train
91,1,m,train
92,1,f,test
93,1,f,test
94,1,f,train
95,1,m,test
96,1,m,train
97,1,m,train
98,1,f,test
99,1,f,train
100,1,m,train
101,1,f,train
102,1,m,test
103,1,m,train
104,1,f,train
105,1,m,train
106,1,m,train
107,1,f,train
108,1,m,train
109,1,f,train
110,1,m,train
111,1,f,train
112,1,m,train
113,1,f,test
114,1,f,train
115,1,m,train
116,1,m,train
117,1,f,train
118,1,m,train
119,1,m,train
120,1,f,train
121,1,m,test
122,1,f,train
123,1,m,train
124,1,f,train
125,1,f,train
126,1,f,train
127,1,f,train
128,1,f,test
129,1,f,train
130,1,f,train
131,1,f,train
132,1,m,val
133,1,f,train
134,1,f,train
135,1,f,train
136,1,f,test
137,1,m,train
138,1,m,test
139,1,f,test
140,1,f,train
141,1,f,train
142,1,m,test
143,1,f,test
144,1,f,train
145,1,f,train
146,1,m,test
147,1,f,train
148,1,f,train
149,1,f,train
150,1,m,test
151,1,f,train
152,1,f,test
153,1,f,val
154,1,m,test
155,1,f,val
156,1,f,train
157,1,f,val
158,1,f,train
159,1,f,train
160,1,m,train
161,1,f,test
162,1,f,test
163,1,m,train
164,1,f,train
165,1,m,test
166,1,f,train
167,1,f,train
168,1,m,train
169,1,f,train
170,1,f,train
171,1,m,val
172,1,f,train
173,1,f,train
174,1,m,train
175,1,f,train
176,1,m,test
177,1,f,train
178,1,m,test
179,1,f,train
180,1,f,train
181,1,f,train
182,1,f,train
183,1,f,train
184,1,f,val
185,1,f,train
186,1,m,train
187,1,m,test
188,1,m,test
189,1,m,train
190,1,f,train
191,1,f,train
192,1,m,train
193,1,m,train
194,1,m,test
195,1,f,train
196,1,f,train
197,1,m,train
198,1,f,train
199,1,f,test
200,1,f,train
201,1,f,test
202,1,f,train
203,1,f,train
204,1,f,train
205,1,f,test
206,1,f,val
207,1,f,train
208,1,f,train
209,1,m,train
210,1,m,train
211,1,f,val
212,1,f,train
213,1,m,train
214,1,f,train
215,1,f,train
216,1,f,train
217,1,m,train
218,1,m,train
219,1,f,train
220,1,m,train
221,1,m,train
222,1,f,train
223,1,m,train
224,1,m,train
225,1,m,train
226,1,f,train
227,1,f,train
228,1,f,train
229,1,m,train
230,1,f,train
231,1,f,test
232,1,f,train
233,1,f,test
234,1,f,train
235,1,f,train
236,1,f,train
237,1,f,train
238,1,m,train
239,1,f,val
240,1,m,train
241,1,m,train
242,1,f,train
243,1,f,train
244,1,f,train
245,1,m,val
246,1,m,train
247,1,f,val
248,1,f,test
249,1,f,val
250,1,f,train
251,1,m,train
252,1,m,train
253,1,f,train
254,1,m,test
255,1,m,train
256,1,f,train
257,1,m,val
258,1,m,train
259,1,m,test
260,1,f,test
261,1,f,train
262,1,m,train
263,1,f,train
264,1,f,test
265,1,f,train
266,1,f,test
267,1,m,train
268,1,m,train
269,1,f,train
270,1,f,train
271,1,f,test
272,1,f,train
273,1,m,val
274,1,f,train
275,1,m,test
276,1,f,train
277,1,f,train
278,1,f,train
279,1,f,train
280,1,f,train
281,1,f,train
282,1,m,train
283,1,m,val
284,1,f,train
285,1,f,train
286,1,m,train
287,1,f,train
288,1,f,train
289,1,f,val
290,1,m,val
291,1,f,val
292,1,f,val
293,1,f,test
294,1,f,test
295,1,f,train
296,1,f,train
297,1,m,train
298,1,f,train
299,1,m,train
300,1,f,train
301,1,f,train
302,1,m,test
303,1,f,train
304,1,m,train
305,1,f,train
306,1,f,train
307,1,f,test
308,1,f,val
309,1,f,train
310,1,f,train
311,1,f,train
312,1,m,val
313,1,m,test
314,1,f,test
315,1,f,train
316,1,f,val
317,1,f,train
318,1,f,train
319,1,m,train
320,1,m,train
321,1,f,train
322,1,f,train
323,1,f,test
324,1,m,train
325,1,f,test
326,1,f,test
327,1,m,train
328,1,f,test
329,1,m,test
330,1,m,test
331,1,m,val
332,1,f,test
333,1,f,test
334,1,f,train
335,1,m,val
336,1,f,train
337,1,m,train
338,1,f,train
339,1,f,train
340,1,f,train
341,1,m,train
342,1,m,test
343,1,m,train
344,1,f,train
345,1,m,train
346,1,f,train
347,1,f,train
348,1,f,test
349,1,m,train
350,1,f,train
351,1,m,test
352,1,f,train
353,1,f,train
354,1,f,test
355,1,f,train
356,1,f,train
357,1,f,train
358,1,m,val
359,1,f,train
360,1,m,train
361,1,m,test
362,1,f,test
363,1,m,train
364,1,f,test
365,1,m,train
366,1,f,train
367,1,f,train
368,1,f,train
369,1,m,train
370,1,f,train
371,1,f,val
372,1,m,train
373,1,m,train
374,1,f,train
375,1,m,train
376,1,f,test
377,1,f,train
378,1,m,train
379,1,m,train
380,1,m,train
381,1,f,train
382,1,f,train
383,1,f,train
384,1,m,train
385,1,f,train
386,1,f,train
387,1,f,train
388,1,f,val
389,1,m,train
390,1,f,val
391,1,f,train
392,1,f,train
393,1,m,train
394,1,f,train
395,1,m,train
396,1,f,train
397,1,f,test
398,1,f,train
399,1,f,val
400,1,f,test
401,1,f,train
402,1,f,train
403,1,f,test
404,1,f,val
405,1,f,train
406,1,m,train
407,1,m,test
408,1,f,train
409,1,f,test
410,1,f,train
411,1,m,test
412,1,f,test
413,1,f,test
414,1,f,train
415,1,f,train
416,1,m,val
417,1,f,test
418,1,f,train
419,1,m,train
420,1,m,train
421,1,f,train
422,1,m,train
423,1,f,test
424,1,f,train
425,1,f,train
426,1,m,train
427,1,m,train
428,1,f,test
429,1,f,train
430,1,m,val
431,1,f,train
432,1,f,train
433,1,m,train
434,1,f,train
435,1,m,train
436,1,f,train
437,1,f,train
438,1,f,train
439,1,f,train
440,1,f,train
441,1,m,val
442,1,f,test
443,1,f,train
444,1,m,train
445,1,m,train
446,1,m,train
447,1,m,train
448,1,m,train
449,1,f,train
450,1,f,train
451,1,m,train
452,1,m,train
453,1,f,test
454,1,f,train
455,1,f,test
456,1,m,train
457,1,f,train
458,1,f,train
459,1,m,test
460,1,m,val
461,1,f,train
462,1,f,train
463,1,f,val
464,1,f,train
465,1,f,train
466,1,m,train
467,1,f,train
468,1,f,train
469,1,f,train
470,1,f,val
471,1,f,train
472,1,f,val
473,1,m,train
474,1,m,test
475,1,f,test
476,1,m,train
477,1,f,train
478,1,f,train
479,1,m,train
480,1,m,val
481,1,m,train
482,1,f,train
483,1,f,test
484,1,f,train
485,1,f,val
486,1,f,train
487,1,f,test
488,1,f,train
489,1,f,test
490,1,f,val
491,1,f,train
492,1,f,train
493,1,f,train
494,1,f,val
495,1,f,train
496,1,f,train
497,1,f,train
498,1,f,val
499,1,f,train
500,1,f,val
501,1,f,train
502,1,m,train
503,1,f,test
504,1,f,train
505,1,f,train
506,1,f,train
507,1,f,train
508,1,m,train
509,1,f,train
510,1,f,test
511,1,m,val
512,1,m,train
513,1,f,val
514,1,f,test
515,1,m,train
516,1,f,train
517,1,f,train
518,1,m,train
519,1,f,test
520,1,m,train
521,1,f,test
522,1,f,train
523,1,m,test
524,1,f,train
525,1,f,train
526,1,f,test
527,1,f,train
528,1,f,train
529,1,f,train
530,1,f,train
531,1,f,train
532,1,f,train
533,1,f,train
534,1,m,train
535,1,f,train
536,1,f,test
537,1,f,train
538,1,m,train
539,1,f,val
540,1,f,train
541,1,f,train
542,1,f,test
543,1,f,val
544,1,f,train
545,1,f,train
546,1,f,test
547,1,f,train
548,1,f,train
549,1,f,train
550,1,f,test
551,1,m,test
552,1,f,train
553,1,f,val
554,1,m,train
555,0,f,train
556,0,f,train
557,0,f,train
558,0,f,train
559,0,m,test
560,0,f,val
561,0,f,train
562,0,f,test
563,0,f,train
564,0,m,train
565,0,m,train
566,0,m,train
567,0,f,val
568,0,m,test
569,0,m,train
570,0,f,train
571,0,f,train
572,0,f,train
573,0,f,train
574,0,f,train
575,0,f,train
576,0,f,train
577,0,m,train
578,0,f,train
579,0,f,train
580,0,f,test
581,0,f,train
582,0,m,test
583,0,m,train
584,0,m,train
585,0,m,train
586,0,f,train
587,0,m,val
588,0,f,train
589,0,m,train
590,0,m,train
591,0,f,train
592,0,f,train
593,0,m,train
594,0,f,val
595,0,f,train
596,0,f,test
597,0,m,train
598,0,f,train
599,0,m,train
600,0,f,test
601,0,m,train
602,0,f,train
603,0,f,train
604,0,m,train
605,0,f,train
606,0,f,train
607,0,f,train
608,0,f,train
609,0,m,train
610,0,f,test
611,0,m,test
612,0,f,train
613,0,f,train
614,0,f,test
615,0,m,test
616,0,f,train
617,0,f,train
618,0,f,test
619,0,f,train
620,0,m,train
621,0,f,train
622,0,f,val
623,0,f,train
624,0,f,train
625,0,f,train
626,0,m,train
627,0,f,train
628,0,f,train
629,0,m,train
630,0,f,train
631,0,m,val
632,0,f,test
633,0,m,val
634,0,m,train
635,0,f,test
636,0,m,train
637,0,f,train
638,0,f,train
639,0,f,train
640,0,f,test
641,0,m,train
642,0,m,train
643,0,f,train
644,0,m,train
645,0,f,train
646,0,f,train
647,0,f,train
648,0,f,train
649,0,f,train
650,0,f,train
651,0,m,train
652,0,f,val
653,0,f,train
654,0,f,train
655,0,m,val
656,0,m,train
657,0,m,test
658,0,f,train
659,0,f,test
660,0,f,test
661,0,f,test
662,0,m,train
663,0,f,train
664,0,f,train
665,0,f,val
666,0,f,val
667,0,m,train
668,0,f,val
669,0,f,train
670,0,f,train
671,0,f,train
672,0,f,train
673,0,f,train
674,0,f,train
675,0,f,test
676,0,f,train
677,0,m,train
678,0,f,train
679,0,m,train
680,0,m,train
681,0,m,train
682,0,m,train
683,0,f,test
684,0,f,train
685,0,f,train
686,0,f,train
687,0,f,test
688,0,m,train
689,0,f,test
690,0,m,test
691,0,m,test
692,0,f,train
693,0,f,train
694,0,f,train
695,0,f,train
696,0,m,test
697,0,f,train
698,0,f,train
699,0,f,train
700,0,m,test
701,0,m,test
702,0,f,test
703,0,m,train
704,0,m,val
705,0,f,test
706,0,f,train
707,0,f,train
708,0,m,test
709,0,f,train
710,0,f,train
711,0,m,train
712,0,f,train
713,0,m,train
714,0,f,train
715,0,m,train
716,0,f,train
717,0,m,val
718,0,m,train
719,0,f,test
720,0,m,train
721,0,f,val
722,0,f,train
723,0,f,test
724,0,f,train
725,0,m,train
726,0,f,train
727,0,f,train
728,0,m,train
729,0,f,train
730,0,f,train
731,0,m,test
732,0,f,val
733,0,f,train
734,0,m,train
735,0,m,val
736,0,f,train
737,0,f,train
738,0,m,train
739,0,f,train
740,0,f,val
741,0,f,test
742,0,m,train
743,0,f,train
744,0,f,train
745,0,f,train
746,0,f,train
747,0,m,train
748,0,f,train
749,0,f,train
750,0,f,train
751,0,f,train
752,0,f,test
753,0,m,train
754,0,f,val
755,0,f,train
756,0,f,train
757,0,f,val
758,0,f,test
759,0,m,train
760,0,f,train
761,0,m,train
762,0,f,train
763,0,m,test
764,0,f,val
765,0,f,val
766,0,f,test
767,0,f,train
768,0,f,test
769,0,m,train
770,0,f,val
771,0,m,train
772,0,f,test
773,0,f,train
774,0,m,val
775,0,f,train
776,0,f,train
777,0,m,train
778,0,m,train
779,0,f,train
780,0,m,train
781,0,f,val
782,0,f,train
783,0,m,train
784,0,m,test
785,0,f,train
786,0,m,test
787,0,m,train
788,0,m,test
789,0,f,train
790,0,m,train
791,0,m,train
792,0,f,train
793,0,m,train
794,0,m,train
795,0,f,train
796,0,f,train
797,0,m,test
798,0,f,train
799,0,m,train
800,0,m,train
801,0,f,test
802,0,f,train
803,0,f,train
804,0,f,train
805,0,m,train
806,0,f,test
807,0,m,test
808,0,m,train
809,0,f,train
810,0,f,test
811,0,f,test
812,0,f,val
813,0,f,val
814,0,f,train
815,0,f,val
816,0,f,train
817,0,f,train
818,0,m,test
819,0,f,train
820,0,m,test
821,0,m,test
822,0,f,val
823,0,f,train
824,0,f,train
825,0,f,test
826,0,m,train
827,0,m,train
828,0,f,test
829,0,m,train
830,0,f,train
831,0,f,test
832,0,f,test
833,0,f,test
834,0,f,train
835,0,m,train
836,0,f,train
837,0,f,train
838,0,f,test
839,0,f,test
840,0,f,train
841,0,f,test
842,0,f,train
843,0,f,train
844,0,f,train
845,0,f,train
846,0,f,test
847,0,m,test
848,0,f,train
849,0,m,train
850,0,f,train
851,0,m,train
852,0,m,train
853,0,f,train
854,0,f,train
855,0,f,train
856,0,f,train
857,0,f,train
858,0,m,train
859,0,f,train
860,0,f,train
861,0,f,train
862,0,m,train
863,0,m,train
864,0,f,train
865,0,m,train
866,0,f,test
867,0,f,train
868,0,f,train
869,0,m,test
870,0,m,train
871,0,m,train
872,0,m,train
873,0,f,train
874,0,m,val
875,0,m,train
876,0,f,train
877,0,m,train
878,0,f,train
879,0,f,train
880,0,f,test
881,0,m,train
882,0,f,train
883,0,m,test
884,0,m,train
885,0,f,test
886,0,f,train
887,0,m,val
888,0,f,test
889,0,f,train
890,0,f,train
891,0,f,test
892,0,f,test
893,0,f,train
894,0,f,val
895,0,m,val
896,0,m,test
897,0,f,train
898,0,f,train
899,0,f,train
900,0,f,train
901,0,f,test
902,0,m,train
903,0,f,train
904,0,m,train
905,0,f,train
906,0,f,test
907,0,f,train
908,0,m,val
909,0,m,train
910,0,f,test
911,0,f,val
912,0,m,train
913,0,f,test
914,0,f,train
915,0,m,train
916,0,f,train
917,0,f,test
918,0,f,train
919,0,m,train
920,0,f,train
921,0,f,train
922,0,f,train
923,0,m,train
924,0,m,val
925,0,m,train
926,0,m,test
927,0,m,train
928,0,f,train
929,0,f,train
930,0,f,train
931,0,m,train
932,0,f,train
933,0,f,train
934,0,f,train
935,0,f,train
936,0,m,val
937,0,f,test
938,0,m,train
939,0,m,train
940,0,f,train
941,0,f,train
942,0,f,val
943,0,m,train
944,0,f,train
945,0,f,train
946,0,m,train
947,0,f,val
948,0,f,train
949,0,f,val
950,0,f,train
951,0,m,train
952,0,f,test
953,0,f,train
954,0,m,test
955,0,f,train
956,0,f,train
957,0,f,val
958,0,f,train
959,0,m,train
960,0,f,train
